{"cameraMode":{"drawMode":31,"name":"Sprite Mask","section":"Miscellaneous"},"sceneLighting":false,"audioPlay":false,"sceneViewState":{"showFog":true,"showMaterialUpdate":false,"showSkybox":false,"showFlares":true,"showImageEffects":true,"showParticleSystems":true},"in2DMode":false,"pivot":{"x":-39.15920639038086,"y":-54.433536529541019,"z":78.87137603759766},"rotation":{"x":-0.2960833013057709,"y":0.2379239797592163,"z":-0.07685860991477967,"w":-0.9220982193946838},"size":109.51484680175781,"orthographic":false}