{"cameraMode":{"drawMode":31,"name":"Sprite Mask","section":"Miscellaneous"},"sceneLighting":false,"audioPlay":false,"sceneViewState":{"showFog":true,"showMaterialUpdate":false,"showSkybox":true,"showFlares":true,"showImageEffects":true,"showParticleSystems":true},"in2DMode":false,"pivot":{"x":12.997581481933594,"y":51.421268463134769,"z":-190.06251525878907},"rotation":{"x":0.145326629281044,"y":0.00003388405093573965,"z":0.0008377798949368298,"w":0.9896321296691895},"size":22.0,"orthographic":false}