{"cameraMode":{"drawMode":31,"name":"Sprite Mask","section":"Miscellaneous"},"sceneLighting":false,"audioPlay":false,"sceneViewState":{"showFog":true,"showMaterialUpdate":false,"showSkybox":true,"showFlares":true,"showImageEffects":true,"showParticleSystems":true},"in2DMode":false,"pivot":{"x":37.99662780761719,"y":22.975515365600587,"z":16.120223999023439},"rotation":{"x":0.16027230024337769,"y":-0.331885427236557,"z":0.05820561572909355,"w":0.9280449151992798},"size":22.0,"orthographic":false}