{"cameraMode":{"drawMode":31,"name":"Sprite Mask","section":"Miscellaneous"},"sceneLighting":false,"audioPlay":false,"sceneViewState":{"showFog":true,"showMaterialUpdate":false,"showSkybox":false,"showFlares":true,"showImageEffects":true,"showParticleSystems":true},"in2DMode":false,"pivot":{"x":26.796607971191408,"y":25.49496078491211,"z":34.76226806640625},"rotation":{"x":0.2003331184387207,"y":-0.1907617747783661,"z":0.040605176240205768,"w":0.9603707194328308},"size":10.229581832885743,"orthographic":false}