{"cameraMode":{"drawMode":31,"name":"Sprite Mask","section":"Miscellaneous"},"sceneLighting":false,"audioPlay":false,"sceneViewState":{"showFog":true,"showMaterialUpdate":false,"showSkybox":false,"showFlares":true,"showImageEffects":true,"showParticleSystems":true},"in2DMode":false,"pivot":{"x":-7.649431228637695,"y":9.154253959655762,"z":40.95676040649414},"rotation":{"x":0.17418129742145539,"y":-0.2310096025466919,"z":0.04289405792951584,"w":0.9565598964691162},"size":29.887908935546876,"orthographic":false}