{"cameraMode":{"drawMode":31,"name":"Sprite Mask","section":"Miscellaneous"},"sceneLighting":false,"audioPlay":false,"sceneViewState":{"showFog":true,"showMaterialUpdate":false,"showSkybox":false,"showFlares":true,"showImageEffects":true,"showParticleSystems":true},"in2DMode":false,"pivot":{"x":45.19069290161133,"y":-8.293233871459961,"z":131.61016845703126},"rotation":{"x":-0.18527288734912873,"y":-0.0038889290299266578,"z":0.00016570165462326258,"w":-0.9828991293907166},"size":109.48217010498047,"orthographic":false}