{"cameraMode":{"drawMode":31,"name":"Sprite Mask","section":"Miscellaneous"},"sceneLighting":false,"audioPlay":false,"sceneViewState":{"showFog":true,"showMaterialUpdate":false,"showSkybox":true,"showFlares":true,"showImageEffects":true,"showParticleSystems":true},"in2DMode":false,"pivot":{"x":-73.4114761352539,"y":-10.22639274597168,"z":20.357254028320314},"rotation":{"x":-0.08253791183233261,"y":0.19807732105255128,"z":-0.01672299951314926,"w":-0.9766217470169067},"size":135.76902770996095,"orthographic":false}