{"cameraMode":{"drawMode":31,"name":"Sprite Mask","section":"Miscellaneous"},"sceneLighting":false,"audioPlay":false,"sceneViewState":{"showFog":true,"showMaterialUpdate":false,"showSkybox":true,"showFlares":true,"showImageEffects":true,"showParticleSystems":true},"in2DMode":false,"pivot":{"x":1.4769458770751954,"y":7.075976371765137,"z":-1.4775772094726563},"rotation":{"x":-0.0838129073381424,"y":0.27492237091064455,"z":-0.024067075923085214,"w":-0.9575196504592896},"size":30.289974212646486,"orthographic":false}