{"cameraMode":{"drawMode":31,"name":"Sprite Mask","section":"Miscellaneous"},"sceneLighting":false,"audioPlay":false,"sceneViewState":{"showFog":true,"showMaterialUpdate":false,"showSkybox":false,"showFlares":true,"showImageEffects":true,"showParticleSystems":true},"in2DMode":false,"pivot":{"x":-11.051538467407227,"y":-3.7302818298339845,"z":6.905970573425293},"rotation":{"x":0.21812279522418977,"y":-0.7783113121986389,"z":0.37678253650665285,"w":0.45303526520729067},"size":29.887908935546876,"orthographic":false}