{"cameraMode":{"drawMode":31,"name":"Sprite Mask","section":"Miscellaneous"},"sceneLighting":false,"audioPlay":false,"sceneViewState":{"showFog":true,"showMaterialUpdate":false,"showSkybox":false,"showFlares":true,"showImageEffects":true,"showParticleSystems":true},"in2DMode":false,"pivot":{"x":-7.20845890045166,"y":-12.528741836547852,"z":118.52750396728516},"rotation":{"x":-0.1757425218820572,"y":0.19409655034542085,"z":-0.035894621163606647,"w":-0.9646614789962769},"size":109.51483917236328,"orthographic":false}