{"cameraMode":{"drawMode":31,"name":"Sprite Mask","section":"Miscellaneous"},"sceneLighting":false,"audioPlay":false,"sceneViewState":{"showFog":true,"showMaterialUpdate":false,"showSkybox":true,"showFlares":true,"showImageEffects":true,"showParticleSystems":true},"in2DMode":false,"pivot":{"x":-0.3922883868217468,"y":2.6346940994262697,"z":-24.009328842163087},"rotation":{"x":-0.06775670498609543,"y":-0.014357944950461388,"z":0.0009684106335043907,"w":-0.9976806044578552},"size":8.989616394042969,"orthographic":false}