{"cameraMode":{"drawMode":31,"name":"Sprite Mask","section":"Miscellaneous"},"sceneLighting":false,"audioPlay":false,"sceneViewState":{"showFog":true,"showMaterialUpdate":false,"showSkybox":false,"showFlares":true,"showImageEffects":true,"showParticleSystems":true},"in2DMode":false,"pivot":{"x":125.83164978027344,"y":-19.372386932373048,"z":78.91663360595703},"rotation":{"x":-0.20770668983459474,"y":-0.503548264503479,"z":0.12501423060894013,"w":-0.8295290470123291},"size":109.48217010498047,"orthographic":false}