{"cameraMode":{"drawMode":31,"name":"Sprite Mask","section":"Miscellaneous"},"sceneLighting":false,"audioPlay":false,"sceneViewState":{"showFog":true,"showMaterialUpdate":false,"showSkybox":true,"showFlares":true,"showImageEffects":true,"showParticleSystems":true},"in2DMode":false,"pivot":{"x":-9.1732759475708,"y":5.462967872619629,"z":29.133378982543947},"rotation":{"x":-0.059809599071741107,"y":0.12163423001766205,"z":-0.007541263476014137,"w":-0.9909316301345825},"size":8.989616394042969,"orthographic":false}