{"cameraMode":{"drawMode":31,"name":"Sprite Mask","section":"Miscellaneous"},"sceneLighting":false,"audioPlay":false,"sceneViewState":{"showFog":true,"showMaterialUpdate":false,"showSkybox":true,"showFlares":true,"showImageEffects":true,"showParticleSystems":true},"in2DMode":false,"pivot":{"x":-1.7361795902252198,"y":-1.0422372817993165,"z":12.68404769897461},"rotation":{"x":-0.09468591958284378,"y":0.3357231616973877,"z":-0.0341508574783802,"w":-0.9367647767066956},"size":8.989616394042969,"orthographic":false}