{"cameraMode":{"drawMode":31,"name":"Sprite Mask","section":"Miscellaneous"},"sceneLighting":false,"audioPlay":false,"sceneViewState":{"showFog":true,"showMaterialUpdate":false,"showSkybox":true,"showFlares":true,"showImageEffects":true,"showParticleSystems":true},"in2DMode":false,"pivot":{"x":2.9418485164642336,"y":12.60037899017334,"z":-22.261343002319337},"rotation":{"x":-0.3642156422138214,"y":0.2865893542766571,"z":-0.11956018954515457,"w":-0.8782926797866821},"size":8.989616394042969,"orthographic":false}