{"cameraMode":{"drawMode":31,"name":"Sprite Mask","section":"Miscellaneous"},"sceneLighting":false,"audioPlay":false,"sceneViewState":{"showFog":true,"showMaterialUpdate":false,"showSkybox":false,"showFlares":true,"showImageEffects":true,"showParticleSystems":true},"in2DMode":false,"pivot":{"x":-62.78657531738281,"y":-36.40837478637695,"z":22.809274673461915},"rotation":{"x":-0.1785913109779358,"y":0.603310763835907,"z":-0.1414751410484314,"w":-0.7645363807678223},"size":109.51484680175781,"orthographic":false}