{"cameraMode":{"drawMode":31,"name":"Sprite Mask","section":"Miscellaneous"},"sceneLighting":false,"audioPlay":false,"sceneViewState":{"showFog":true,"showMaterialUpdate":false,"showSkybox":false,"showFlares":true,"showImageEffects":true,"showParticleSystems":true},"in2DMode":false,"pivot":{"x":77.92581176757813,"y":-22.60284996032715,"z":104.63421630859375},"rotation":{"x":-0.24352586269378663,"y":-0.25906890630722048,"z":0.06710018962621689,"w":-0.9324891567230225},"size":109.51484680175781,"orthographic":false}