{"cameraMode":{"drawMode":31,"name":"Sprite Mask","section":"Miscellaneous"},"sceneLighting":false,"audioPlay":false,"sceneViewState":{"showFog":true,"showMaterialUpdate":false,"showSkybox":false,"showFlares":true,"showImageEffects":true,"showParticleSystems":true},"in2DMode":false,"pivot":{"x":-70.13752746582031,"y":-26.363059997558595,"z":53.93413162231445},"rotation":{"x":-0.1291671097278595,"y":0.4679020047187805,"z":-0.06977124512195587,"w":-0.8717366456985474},"size":109.51484680175781,"orthographic":false}