{"cameraMode":{"drawMode":31,"name":"Sprite Mask","section":"Miscellaneous"},"sceneLighting":false,"audioPlay":false,"sceneViewState":{"showFog":true,"showMaterialUpdate":false,"showSkybox":true,"showFlares":true,"showImageEffects":true,"showParticleSystems":true},"in2DMode":false,"pivot":{"x":15.541459083557129,"y":14.860620498657227,"z":-1.7449913024902344},"rotation":{"x":0.17824628949165345,"y":-0.3999161124229431,"z":0.08051841706037522,"w":0.8957130908966065},"size":22.0,"orthographic":false}