{"cameraMode":{"drawMode":31,"name":"Sprite Mask","section":"Miscellaneous"},"sceneLighting":false,"audioPlay":false,"sceneViewState":{"showFog":true,"showMaterialUpdate":false,"showSkybox":false,"showFlares":true,"showImageEffects":true,"showParticleSystems":true},"in2DMode":false,"pivot":{"x":-0.9969997406005859,"y":1.9960001707077027,"z":0.0},"rotation":{"x":-0.00479005416855216,"y":0.09496070444583893,"z":-0.0004440853663254529,"w":-0.9955087304115295},"size":30.289974212646486,"orthographic":false}