{"cameraMode":{"drawMode":31,"name":"Sprite Mask","section":"Miscellaneous"},"sceneLighting":false,"audioPlay":false,"sceneViewState":{"showFog":true,"showMaterialUpdate":false,"showSkybox":false,"showFlares":true,"showImageEffects":true,"showParticleSystems":true},"in2DMode":false,"pivot":{"x":-10.666646003723145,"y":22.375429153442384,"z":41.31757736206055},"rotation":{"x":-0.04315726459026337,"y":-0.2753288149833679,"z":-0.0116181131452322,"w":0.9605971574783325},"size":29.887908935546876,"orthographic":false}