{"cameraMode":{"drawMode":31,"name":"Sprite Mask","section":"Miscellaneous"},"sceneLighting":false,"audioPlay":false,"sceneViewState":{"showFog":true,"showMaterialUpdate":false,"showSkybox":false,"showFlares":true,"showImageEffects":true,"showParticleSystems":true},"in2DMode":false,"pivot":{"x":87.71412658691406,"y":-44.04656219482422,"z":32.00394058227539},"rotation":{"x":-0.14624525606632234,"y":-0.6988813281059265,"z":0.149029940366745,"w":-0.6843541860580444},"size":109.51484680175781,"orthographic":false}