{"cameraMode":{"drawMode":31,"name":"Sprite Mask","section":"Miscellaneous"},"sceneLighting":false,"audioPlay":false,"sceneViewState":{"showFog":true,"showMaterialUpdate":false,"showSkybox":false,"showFlares":true,"showImageEffects":true,"showParticleSystems":true},"in2DMode":false,"pivot":{"x":-11.11884880065918,"y":2.235621690750122,"z":16.21025276184082},"rotation":{"x":0.053392983973026279,"y":-0.5324013233184815,"z":0.03396540880203247,"w":0.8443896770477295},"size":10.957603454589844,"orthographic":false}