{"cameraMode":{"drawMode":31,"name":"Sprite Mask","section":"Miscellaneous"},"sceneLighting":false,"audioPlay":false,"sceneViewState":{"showFog":true,"showMaterialUpdate":false,"showSkybox":true,"showFlares":true,"showImageEffects":true,"showParticleSystems":true},"in2DMode":false,"pivot":{"x":488.6872253417969,"y":208.51455688476563,"z":761.3869018554688},"rotation":{"x":0.06927558034658432,"y":0.010449149645864964,"z":0.0002381270460318774,"w":0.9977979063987732},"size":1661.189453125,"orthographic":false}