{"cameraMode":{"drawMode":31,"name":"Sprite Mask","section":"Miscellaneous"},"sceneLighting":false,"audioPlay":false,"sceneViewState":{"showFog":true,"showMaterialUpdate":false,"showSkybox":true,"showFlares":true,"showImageEffects":true,"showParticleSystems":true},"in2DMode":false,"pivot":{"x":58.641075134277347,"y":35.19172668457031,"z":29.15668296813965},"rotation":{"x":-0.215030238032341,"y":0.5210632681846619,"z":-0.13798299431800843,"w":-0.8146175742149353},"size":8.989616394042969,"orthographic":false}