{"cameraMode":{"drawMode":31,"name":"Sprite Mask","section":"Miscellaneous"},"sceneLighting":false,"audioPlay":false,"sceneViewState":{"showFog":true,"showMaterialUpdate":false,"showSkybox":false,"showFlares":true,"showImageEffects":true,"showParticleSystems":true},"in2DMode":false,"pivot":{"x":-56.278472900390628,"y":-34.39317321777344,"z":56.01292419433594},"rotation":{"x":-0.21944734454154969,"y":0.4107355773448944,"z":-0.10301652550697327,"w":-0.8791884779930115},"size":109.51484680175781,"orthographic":false}