{"cameraMode":{"drawMode":31,"name":"Sprite Mask","section":"Miscellaneous"},"sceneLighting":false,"audioPlay":false,"sceneViewState":{"showFog":true,"showMaterialUpdate":false,"showSkybox":false,"showFlares":true,"showImageEffects":true,"showParticleSystems":true},"in2DMode":false,"pivot":{"x":32.56058120727539,"y":23.659189224243165,"z":29.969501495361329},"rotation":{"x":-0.11147017031908035,"y":-0.5208389759063721,"z":0.06779341399669647,"w":-0.8438854217529297},"size":22.0,"orthographic":false}