{"cameraMode":{"drawMode":31,"name":"Sprite Mask","section":"Miscellaneous"},"sceneLighting":false,"audioPlay":false,"sceneViewState":{"showFog":true,"showMaterialUpdate":false,"showSkybox":false,"showFlares":true,"showImageEffects":true,"showParticleSystems":true},"in2DMode":false,"pivot":{"x":-0.7746695280075073,"y":-29.32023811340332,"z":109.27198791503906},"rotation":{"x":-0.13937918841838838,"y":0.0035812079440802337,"z":-0.0008842996903695166,"w":-0.9904384016990662},"size":109.51484680175781,"orthographic":false}