{"cameraMode":{"drawMode":31,"name":"Sprite Mask","section":"Miscellaneous"},"sceneLighting":false,"audioPlay":false,"sceneViewState":{"showFog":true,"showMaterialUpdate":false,"showSkybox":false,"showFlares":true,"showImageEffects":true,"showParticleSystems":true},"in2DMode":false,"pivot":{"x":-0.9969997406005859,"y":-0.3764394521713257,"z":24.139999389648439},"rotation":{"x":-0.14248135685920716,"y":0.19381052255630494,"z":-0.028569618239998819,"w":-0.9703972935676575},"size":109.42007446289063,"orthographic":false}