{"cameraMode":{"drawMode":31,"name":"Sprite Mask","section":"Miscellaneous"},"sceneLighting":false,"audioPlay":false,"sceneViewState":{"showFog":true,"showMaterialUpdate":false,"showSkybox":false,"showFlares":true,"showImageEffects":true,"showParticleSystems":true},"in2DMode":false,"pivot":{"x":-37.603981018066409,"y":-30.13167953491211,"z":19.425613403320314},"rotation":{"x":-0.24902737140655518,"y":0.5192745327949524,"z":-0.16242533922195435,"w":-0.8015044927597046},"size":109.48217010498047,"orthographic":false}