{"cameraMode":{"drawMode":31,"name":"Sprite Mask","section":"Miscellaneous"},"sceneLighting":false,"audioPlay":false,"sceneViewState":{"showFog":true,"showMaterialUpdate":false,"showSkybox":true,"showFlares":true,"showImageEffects":true,"showParticleSystems":true},"in2DMode":false,"pivot":{"x":0.6214700937271118,"y":3.191762924194336,"z":-28.80115509033203},"rotation":{"x":-0.15779666602611543,"y":0.10262498259544373,"z":-0.01643456518650055,"w":-0.9820739030838013},"size":8.989616394042969,"orthographic":false}