{"cameraMode":{"drawMode":31,"name":"Sprite Mask","section":"Miscellaneous"},"sceneLighting":false,"audioPlay":false,"sceneViewState":{"showFog":true,"showMaterialUpdate":false,"showSkybox":true,"showFlares":true,"showImageEffects":true,"showParticleSystems":true},"in2DMode":false,"pivot":{"x":19.506549835205079,"y":17.659982681274415,"z":-16.76741600036621},"rotation":{"x":-0.2927107810974121,"y":0.5657908916473389,"z":-0.22539378702640534,"w":-0.7374721765518189},"size":8.989616394042969,"orthographic":false}