{"cameraMode":{"drawMode":31,"name":"Sprite Mask","section":"Miscellaneous"},"sceneLighting":false,"audioPlay":false,"sceneViewState":{"showFog":true,"showMaterialUpdate":false,"showSkybox":false,"showFlares":true,"showImageEffects":true,"showParticleSystems":true},"in2DMode":false,"pivot":{"x":-46.708290100097659,"y":-31.009950637817384,"z":94.69395446777344},"rotation":{"x":-0.16371266543865205,"y":0.24351470172405244,"z":-0.04206591844558716,"w":-0.9552854299545288},"size":109.51484680175781,"orthographic":false}