{"cameraMode":{"drawMode":31,"name":"Sprite Mask","section":"Miscellaneous"},"sceneLighting":false,"audioPlay":false,"sceneViewState":{"showFog":true,"showMaterialUpdate":false,"showSkybox":true,"showFlares":true,"showImageEffects":true,"showParticleSystems":true},"in2DMode":false,"pivot":{"x":-60.96700668334961,"y":-47.00456619262695,"z":90.627685546875},"rotation":{"x":0.19246724247932435,"y":-0.2852291762828827,"z":0.05955963954329491,"w":0.937311589717865},"size":200.19529724121095,"orthographic":false}