{"cameraMode":{"drawMode":31,"name":"Sprite Mask","section":"Miscellaneous"},"sceneLighting":false,"audioPlay":false,"sceneViewState":{"showFog":true,"showMaterialUpdate":false,"showSkybox":false,"showFlares":true,"showImageEffects":true,"showParticleSystems":true},"in2DMode":false,"pivot":{"x":22.735124588012697,"y":23.45622444152832,"z":23.14235496520996},"rotation":{"x":0.1778588891029358,"y":-0.7828450202941895,"z":0.2610524296760559,"w":0.5365232229232788},"size":10.229581832885743,"orthographic":false}