{"cameraMode":{"drawMode":31,"name":"Sprite Mask","section":"Miscellaneous"},"sceneLighting":false,"audioPlay":false,"sceneViewState":{"showFog":true,"showMaterialUpdate":false,"showSkybox":false,"showFlares":true,"showImageEffects":true,"showParticleSystems":true},"in2DMode":false,"pivot":{"x":-8.240163803100586,"y":-3.34140682220459,"z":45.923057556152347},"rotation":{"x":0.2815006375312805,"y":-0.011437452398240567,"z":0.00399541761726141,"w":0.9597592949867249},"size":29.887908935546876,"orthographic":false}