{"cameraMode":{"drawMode":31,"name":"Sprite Mask","section":"Miscellaneous"},"sceneLighting":false,"audioPlay":false,"sceneViewState":{"showFog":true,"showMaterialUpdate":false,"showSkybox":false,"showFlares":true,"showImageEffects":true,"showParticleSystems":true},"in2DMode":false,"pivot":{"x":52.17308807373047,"y":25.99742317199707,"z":18.5526123046875},"rotation":{"x":0.1162312775850296,"y":-0.6825429201126099,"z":0.11233484745025635,"w":0.7131329774856567},"size":29.887908935546876,"orthographic":false}