{"cameraMode":{"drawMode":31,"name":"Sprite Mask","section":"Miscellaneous"},"sceneLighting":false,"audioPlay":false,"sceneViewState":{"showFog":true,"showMaterialUpdate":false,"showSkybox":true,"showFlares":true,"showImageEffects":true,"showParticleSystems":true},"in2DMode":false,"pivot":{"x":-1.5453702211380005,"y":3.3922924995422365,"z":-27.646711349487306},"rotation":{"x":-0.07786116749048233,"y":0.09765627980232239,"z":-0.00764382304623723,"w":-0.9922128319740295},"size":8.989616394042969,"orthographic":false}