{"cameraMode":{"drawMode":31,"name":"Sprite Mask","section":"Miscellaneous"},"sceneLighting":false,"audioPlay":false,"sceneViewState":{"showFog":true,"showMaterialUpdate":false,"showSkybox":false,"showFlares":true,"showImageEffects":true,"showParticleSystems":true},"in2DMode":false,"pivot":{"x":-69.37044525146485,"y":-27.105894088745118,"z":78.8953857421875},"rotation":{"x":-0.12033873796463013,"y":0.3803337812423706,"z":-0.050389669835567477,"w":-0.9158246517181397},"size":109.51484680175781,"orthographic":false}